RecordID,Season,Team,Conference,Bid Type,NET Rank,PrevNET,AvgOppNETRank,AvgOppNET,NETSOS,NETNonConfSOS,Conf Rank,Quadrant1_Win,Quadrant1_Loss,Quadrant2_Win,Quadrant2_Loss,Quadrant3_Win,Quadrant3_Loss,Quadrant4_Win,Quadrant4_Loss,WL_Win,WL_Loss,Conf.Record_Win,Conf.Record_Loss,Non-ConferenceRecord_Win,Non-ConferenceRecord_Loss,RoadWL_Win,RoadWL_Loss,Prob_Non_AQ,Initial Seed,Overall Seed
2025-26-UConn,2025-26,UConn,Big East,AQ,7,6,18,108,19,4,5,5,2,8,0,5,0,4,0,22,2,12,1,10,1,7,1,0.705,,1
2025-26-Florida,2025-26,Florida,SEC,AQ,11,11,8,97,9,25,1,4,5,6,1,1,0,5,0,16,6,7,2,9,4,3,2,0.705,,3
2025-26-Louisville,2025-26,Louisville,ACC,AL,17,18,37,114,30,71,4,3,5,4,1,3,0,6,0,16,6,6,4,10,2,2,4,0.705,,11
2025-26-Duke,2025-26,Duke,ACC,AQ,3,3,22,110,15,16,4,9,1,4,0,2,0,6,0,21,1,10,0,11,1,7,0,0.705,,8
2025-26-Saint Mary's (CA),2025-26,Saint Mary's (CA),WCC,AL,29,29,75,138,107,137,8,0,3,4,1,7,0,8,0,19,4,9,2,10,2,5,2,0.705,,40
2025-26-Iowa St.,2025-26,Iowa St.,Big 12,AL,5,5,70,135,60,105,2,5,1,8,1,0,0,7,0,20,2,7,2,13,0,4,2,0.705,,5
2025-26-Michigan,2025-26,Michigan,Big Ten,AQ,1,2,4,82,18,17,3,7,0,8,1,4,0,2,0,21,1,11,1,10,0,6,0,0.705,,17
2025-26-Arizona,2025-26,Arizona,Big 12,AQ,2,1,37,114,40,39,2,10,0,3,0,2,0,7,0,22,0,9,0,13,0,6,0,0.705,,20
2025-26-Vanderbilt,2025-26,Vanderbilt,SEC,AL,14,14,43,116,43,110,1,6,3,5,0,2,0,6,0,19,3,6,3,13,0,5,2,0.705,,24
2025-26-Purdue,2025-26,Purdue,Big Ten,AL,8,8,5,93,12,24,3,6,4,3,0,7,0,2,0,18,4,8,3,10,1,5,2,0.705,,16
2025-26-BYU,2025-26,BYU,Big 12,AL,18,17,26,111,31,63,2,4,5,5,0,3,0,5,0,17,5,5,4,12,1,2,3,0.705,,10
2025-26-Tennessee,2025-26,Tennessee,SEC,AL,20,20,30,112,6,53,1,5,6,2,0,3,0,6,0,16,6,6,3,10,3,2,3,0.705,,6
2025-26-Gonzaga,2025-26,Gonzaga,WCC,AQ,9,9,91,147,91,49,8,5,1,2,0,8,1,7,0,22,2,10,1,12,1,5,1,0.705,,25
2025-26-Utah St.,2025-26,Utah St.,Mountain West,AQ,23,22,63,130,98,179,6,3,2,5,0,5,1,5,0,18,3,10,2,8,1,6,2,0.705,,30
2025-26-Saint Louis,2025-26,Saint Louis,Atlantic 10,AQ,15,15,132,169,210,317,7,2,0,3,1,7,0,9,0,21,1,10,0,11,1,6,0,0.705,,33
2025-26-Virginia,2025-26,Virginia,ACC,AL,16,16,72,136,76,277,4,4,2,4,1,4,0,7,0,19,3,8,2,11,1,6,1,0.705,,18
2025-26-Texas Tech,2025-26,Texas Tech,Big 12,AL,21,21,3,79,4,20,2,5,6,3,0,5,0,3,0,16,6,6,3,10,3,2,3,0.705,,15
2025-26-NC State,2025-26,NC State,ACC,AL,25,26,22,110,49,62,4,3,4,8,1,2,1,4,0,17,6,8,2,9,4,6,1,0.705,,27
2025-26-Iowa,2025-26,Iowa,Big Ten,AL,19,19,81,140,51,249,3,2,5,5,0,1,0,9,0,17,5,7,4,10,1,3,4,0.705,,9
2025-26-Alabama,2025-26,Alabama,SEC,AL,24,23,2,77,1,6,1,3,6,7,1,3,0,2,0,15,7,5,4,10,3,3,2,0.705,,14
2025-26-North Carolina,2025-26,North Carolina,ACC,AL,27,27,45,118,64,85,4,4,3,2,1,6,0,6,0,18,4,6,3,12,1,3,3,0.705,,29
2025-26-Houston,2025-26,Houston,Big 12,AL,6,7,37,114,52,112,2,5,2,6,0,4,0,5,0,20,2,8,1,12,1,3,1,0.705,,2
2025-26-Clemson,2025-26,Clemson,ACC,AL,31,31,67,132,75,89,4,2,3,7,1,5,0,5,0,19,4,9,1,10,3,5,2,0.705,,28
2025-26-St. John's (NY),2025-26,St. John's (NY),Big East,AL,22,24,6,94,44,30,5,4,4,6,0,4,1,4,0,18,5,11,1,7,4,6,0,0.705,,19
2025-26-Indiana,2025-26,Indiana,Big Ten,AL,33,33,54,123,32,209,3,2,8,1,0,5,0,7,0,15,8,6,6,9,2,3,5,0.705,,12
2025-26-Michigan St.,2025-26,Michigan St.,Big Ten,AL,12,13,18,108,33,64,3,5,4,4,0,3,0,7,0,19,4,9,3,10,1,4,2,0.705,,21
2025-26-Illinois,2025-26,Illinois,Big Ten,AL,4,4,14,105,16,43,3,6,3,5,0,2,0,7,0,20,3,11,1,9,2,6,0,0.705,,13
2025-26-Kansas,2025-26,Kansas,Big 12,AL,13,12,1,75,3,13,2,6,5,6,0,1,0,4,0,17,5,7,2,10,3,4,3,0.705,,4
2025-26-Nebraska,2025-26,Nebraska,Big Ten,AL,10,10,45,118,35,311,3,6,2,5,0,3,0,6,0,20,2,9,2,11,0,5,1,0.705,,22
2025-26-Arkansas,2025-26,Arkansas,SEC,AL,26,25,14,105,11,29,1,4,6,3,0,3,0,6,0,16,6,6,3,10,3,2,3,0.705,,26
2025-26-Villanova,2025-26,Villanova,Big East,AL,32,32,22,110,63,103,5,3,4,3,0,7,1,4,0,17,5,8,3,9,2,5,2,0.705,,31
2025-26-Auburn,2025-26,Auburn,SEC,AL,30,30,7,96,2,12,1,4,7,2,1,2,0,6,0,14,8,5,4,9,4,2,4,0.705,,7
2025-26-SMU,2025-26,SMU,ACC,AL,34,34,12,101,28,148,4,3,6,3,1,2,0,7,0,15,7,4,5,11,2,2,4,0.705,,35
2025-26-Kentucky,2025-26,Kentucky,SEC,AL,28,28,32,113,8,27,1,4,6,2,1,4,0,6,0,16,7,7,3,9,4,3,3,0.7,,23
2025-26-Georgia,2025-26,Georgia,SEC,AL,35,35,90,146,78,313,1,3,4,4,1,1,1,8,0,16,6,4,5,12,1,3,2,0.69,,42
2025-26-Texas A&M,2025-26,Texas A&M,SEC,AL,36,36,94,148,70,257,1,3,4,2,1,4,0,8,0,17,5,7,2,10,3,4,3,0.68,,38
2025-26-Texas,2025-26,Texas,SEC,AL,38,38,63,130,10,58,1,3,6,2,2,1,1,7,0,13,9,5,5,8,4,2,4,0.66,,34
2025-26-Miami (FL),2025-26,Miami (FL),ACC,AL,37,37,110,158,96,206,4,2,3,3,1,3,1,9,0,17,5,6,3,11,2,4,1,0.66,,41
2025-26-Ohio St.,2025-26,Ohio St.,Big Ten,AL,39,39,57,126,59,248,3,0,6,5,1,4,0,6,0,15,7,7,5,8,2,4,4,0.64,,37
2025-26-Santa Clara,2025-26,Santa Clara,WCC,AL,40,40,88,144,100,97,8,1,3,5,1,7,0,6,1,19,5,11,1,8,4,6,2,0.62,,44
2025-26-UCLA,2025-26,UCLA,Big Ten,AL,41,41,66,131,58,130,3,2,5,3,2,2,0,9,0,16,7,8,4,8,3,3,3,0.61,,36
2025-26-UCF,2025-26,UCF,Big 12,AL,42,42,18,108,34,207,2,4,5,2,0,6,0,5,0,17,5,6,4,11,1,3,3,0.6,,32
2025-26-Wisconsin,2025-26,Wisconsin,Big Ten,AL,43,43,49,119,50,166,3,2,4,5,2,2,0,7,0,16,6,8,3,8,3,3,1,0.575,,43
2025-26-San Diego St.,2025-26,San Diego St.,Mountain West,AL,44,44,45,118,74,46,6,1,5,3,0,6,1,5,0,15,6,10,2,5,4,4,2,0.565,,39
2025-26-New Mexico,2025-26,New Mexico,Mountain West,AL,45,45,94,148,88,122,6,1,4,5,0,4,1,7,0,17,5,9,3,8,2,5,3,0.54,,45
2025-26-Tulsa,2025-26,Tulsa,American,AQ,46,46,143,174,273,337,10,0,0,3,2,8,1,7,0,18,3,8,2,10,1,6,2,0.51,,46
2025-26-VCU,2025-26,VCU,Atlantic 10,,47,50,111,159,90,74,7,0,5,5,1,5,0,8,0,18,6,9,2,9,4,4,2,0.505,,0
2025-26-Southern California,2025-26,Southern California,Big Ten,,48,47,30,112,45,235,3,2,4,6,1,3,1,5,0,16,6,6,6,10,0,4,3,0.495,,0
2025-26-Baylor,2025-26,Baylor,Big 12,,49,48,22,110,24,170,2,3,6,3,3,1,0,5,0,12,9,3,7,9,2,2,4,0.49,,0
2025-26-Washington,2025-26,Washington,Big Ten,,50,49,13,102,7,239,3,1,8,3,3,3,0,5,0,12,11,4,8,8,3,3,6,0.47,,0
2025-26-Seton Hall,2025-26,Seton Hall,Big East,,51,51,59,128,79,240,5,1,4,4,3,4,0,7,0,16,7,6,6,10,1,4,3,0.455,,0
2025-26-TCU,2025-26,TCU,Big 12,,52,52,86,142,36,167,2,3,6,2,1,1,1,7,1,13,9,3,6,10,3,2,4,0.44,,0
2025-26-Miami (OH),2025-26,Miami (OH),MAC,AQ,53,53,316,233,349,364,17,0,0,4,0,3,0,13,0,20,0,11,0,9,0,9,0,0.405,,48
2025-26-California,2025-26,California,ACC,,55,55,67,132,72,325,4,3,4,1,2,6,0,6,0,16,6,5,5,11,1,2,4,0.395,,0
2025-26-Akron,2025-26,Akron,MAC,,54,54,209,194,217,220,17,0,2,1,2,5,0,11,0,17,4,10,1,7,3,5,2,0.395,,0
2025-26-LSU,2025-26,LSU,SEC,,56,56,78,139,71,265,1,1,6,2,0,3,2,8,0,14,8,2,7,12,1,2,4,0.385,,0
2025-26-Virginia Tech,2025-26,Virginia Tech,ACC,,57,57,45,118,67,219,4,2,6,5,0,4,1,5,0,16,7,5,5,11,2,2,3,0.375,,0
2025-26-Belmont,2025-26,Belmont,MVC,AQ,58,58,156,178,292,351,9,0,0,3,0,11,3,7,0,21,3,12,2,9,1,10,1,0.35,,47
2025-26-Boise St.,2025-26,Boise St.,Mountain West,,59,59,11,100,62,44,6,2,6,3,1,6,1,2,0,13,8,6,6,7,2,3,4,0.35,,0
2025-26-Oklahoma St.,2025-26,Oklahoma St.,Big 12,,61,61,55,124,66,282,2,1,4,6,2,2,0,7,0,16,6,4,5,12,1,1,3,0.325,,0
2025-26-Nevada,2025-26,Nevada,Mountain West,,60,60,52,121,89,202,6,0,5,3,1,10,0,3,1,16,7,8,4,8,3,4,4,0.325,,0
2025-26-West Virginia,2025-26,West Virginia,Big 12,,63,62,87,143,65,276,2,2,5,2,3,3,0,8,0,15,8,6,4,9,4,2,3,0.285,,0
2025-26-McNeese,2025-26,McNeese,Southland,AQ,62,63,182,186,162,23,18,0,2,3,1,4,1,9,1,16,5,11,3,5,2,5,5,0.275,,49
2025-26-Yale,2025-26,Yale,Ivy League,AQ,64,64,186,187,266,223,12,0,1,1,0,7,2,7,1,15,4,6,2,9,2,5,2,0.25,,50
2025-26-South Fla.,2025-26,South Fla.,American,,65,65,107,155,110,83,10,2,3,1,2,6,3,5,0,14,8,7,3,7,5,5,3,0.23,,0
2025-26-Butler,2025-26,Butler,Big East,,66,66,49,119,54,155,5,2,4,1,5,5,1,5,0,13,10,4,8,9,2,1,6,0.23,,0
2025-26-Grand Canyon,2025-26,Grand Canyon,Mountain West,,67,67,105,154,84,173,6,2,4,3,1,2,1,8,1,15,7,8,3,7,4,3,3,0.21,,0
2025-26-Missouri,2025-26,Missouri,SEC,,68,68,94,148,56,188,1,3,4,1,3,2,0,9,0,15,7,5,4,10,3,2,5,0.205,,0
2025-26-Syracuse,2025-26,Syracuse,ACC,,69,69,70,135,61,77,4,1,5,1,3,4,2,7,0,13,10,4,6,9,4,2,3,0.18,,0
2025-26-Wake Forest,2025-26,Wake Forest,ACC,,70,70,43,116,26,99,4,0,7,3,3,1,1,7,0,11,11,2,7,9,4,1,4,0.17,,0
2025-26-Minnesota,2025-26,Minnesota,Big Ten,,72,72,59,128,22,288,3,2,7,2,4,0,1,7,0,11,12,4,8,7,4,1,6,0.15,,0
2025-26-Liberty,2025-26,Liberty,CUSA,AQ,71,71,186,187,238,177,13,0,1,2,0,6,2,8,0,16,3,11,0,5,3,7,1,0.14,,51
2025-26-Arizona St.,2025-26,Arizona St.,Big 12,,73,73,8,97,13,56,2,2,8,3,2,3,0,4,1,12,11,3,7,9,4,2,5,0.135,,0
2025-26-George Mason,2025-26,George Mason,Atlantic 10,,74,74,170,182,286,347,7,0,1,1,1,7,1,11,0,19,3,8,2,11,1,4,2,0.12,,0
2025-26-Colorado,2025-26,Colorado,Big 12,,75,76,26,111,73,285,2,2,5,1,4,6,1,4,0,13,10,3,7,10,3,1,5,0.11,,0
2025-26-Illinois St.,2025-26,Illinois St.,MVC,,76,75,132,169,197,247,9,0,3,2,0,5,5,8,0,15,8,8,5,7,3,4,4,0.09,,0
2025-26-Northwestern,2025-26,Northwestern,Big Ten,,77,77,32,113,25,200,3,1,7,1,5,3,1,5,0,10,13,2,10,8,3,2,5,0.09,,0
2025-26-High Point,2025-26,High Point,Big South,AQ,78,78,336,244,363,362,21,0,0,0,2,4,2,14,0,18,4,9,1,9,3,4,2,0.07,,53
2025-26-Stanford,2025-26,Stanford,ACC,,79,79,16,106,53,262,4,4,3,2,3,3,3,5,0,14,9,3,7,11,2,2,3,0.07,,0
2025-26-Creighton,2025-26,Creighton,Big East,,81,81,17,107,38,40,5,1,7,2,3,4,1,5,0,12,11,6,6,6,5,2,6,0.06,,0
2025-26-SFA,2025-26,SFA,Southland,,80,80,293,225,342,352,18,0,1,1,0,5,2,12,0,18,3,13,1,5,2,8,3,0.06,,0
2025-26-Ole Miss,2025-26,Ole Miss,SEC,,82,82,56,125,21,114,1,1,8,2,2,2,1,6,0,11,11,3,6,8,5,2,5,0.06,,0
2025-26-Cincinnati,2025-26,Cincinnati,Big 12,,83,83,49,119,29,174,2,1,9,2,2,1,0,7,1,11,12,3,7,8,5,0,6,0.055,,0
2025-26-Providence,2025-26,Providence,Big East,,84,84,26,111,39,134,5,1,7,1,5,3,1,5,0,10,13,3,9,7,4,1,6,0.05,,0
2025-26-Oklahoma,2025-26,Oklahoma,SEC,,85,85,85,141,37,123,1,1,8,1,4,2,0,7,0,11,12,1,9,10,3,1,6,0.05,,0
2025-26-Murray St.,2025-26,Murray St.,MVC,,86,87,129,168,183,227,9,0,2,3,2,6,3,9,0,18,7,10,4,8,3,4,4,0.04,,0
2025-26-Notre Dame,2025-26,Notre Dame,ACC,,87,86,37,114,23,84,4,1,9,2,2,2,0,6,1,11,12,2,8,9,4,2,6,0.04,,0
2025-26-Wichita St.,2025-26,Wichita St.,American,,88,88,119,164,147,238,10,1,3,2,2,2,3,8,1,13,9,6,4,7,5,3,4,0.035,,0
2025-26-Colorado St.,2025-26,Colorado St.,Mountain West,,96,96,75,138,83,304,6,1,4,3,4,1,1,6,1,11,10,3,8,8,2,2,5,0.025,,0
2025-26-Utah Valley,2025-26,Utah Valley,WAC,AQ,89,89,152,176,230,181,11,0,2,1,1,7,1,6,2,14,6,7,3,7,3,3,6,0.025,,52
2025-26-Hawaii,2025-26,Hawaii,Big West,AQ,91,91,253,211,343,355,15,0,0,0,5,1,0,13,0,14,5,8,3,6,2,3,4,0.025,,54
2025-26-George Washington,2025-26,George Washington,Atlantic 10,,90,90,132,169,127,222,7,0,3,1,3,4,2,7,2,12,10,4,6,8,4,2,4,0.025,,0
2025-26-Dayton,2025-26,Dayton,Atlantic 10,,95,92,115,162,112,144,7,0,4,3,2,4,2,8,1,15,9,6,5,9,4,3,5,0.025,,0
2025-26-Mississippi St.,2025-26,Mississippi St.,SEC,,94,95,26,111,41,150,1,2,7,0,2,4,2,5,0,11,11,3,6,8,5,3,3,0.025,,0
2025-26-Georgetown,2025-26,Georgetown,Big East,,93,94,72,136,68,168,5,1,5,3,4,3,1,6,0,13,10,5,7,8,3,4,4,0.025,,0
2025-26-Kansas St.,2025-26,Kansas St.,Big 12,,92,93,32,113,20,96,2,0,9,4,2,1,1,5,0,10,12,1,8,9,4,1,5,0.025,,0
2025-26-Xavier,2025-26,Xavier,Big East,,99,99,21,109,55,121,5,0,6,3,4,4,1,5,0,12,11,4,8,8,3,1,6,0.02,,0
2025-26-Davidson,2025-26,Davidson,Atlantic 10,,98,97,94,148,99,106,7,0,5,1,1,6,3,6,0,13,9,6,5,7,4,5,2,0.02,,0
2025-26-UNI,2025-26,UNI,MVC,,97,102,109,157,173,198,9,0,2,1,4,5,3,8,0,14,9,7,6,7,3,3,5,0.02,,0
2025-26-Florida St.,2025-26,Florida St.,ACC,,101,98,61,129,27,95,4,1,8,1,3,1,1,7,0,10,12,3,6,7,6,1,5,0.01,,0
2025-26-Sam Houston,2025-26,Sam Houston,CUSA,,102,101,156,178,205,113,13,0,2,0,2,7,3,6,0,13,7,8,4,5,3,5,6,0.01,,0
2025-26-Wyoming,2025-26,Wyoming,Mountain West,,100,100,98,149,94,289,6,0,5,0,4,4,1,8,0,12,10,4,8,8,2,1,7,0.01,,0
2025-26-UNCW,2025-26,UNCW,CAA,AQ,104,104,287,224,352,361,14,0,0,0,2,4,1,13,1,17,4,8,2,9,2,8,2,0.01,,55
2025-26-San Francisco,2025-26,San Francisco,WCC,,103,103,103,153,101,160,8,0,4,3,3,4,2,6,2,13,11,6,6,7,5,2,6,0.01,,0
2025-26-South Carolina,2025-26,South Carolina,SEC,,105,105,81,140,48,296,1,1,7,0,5,1,0,9,0,11,12,2,8,9,4,1,5,0.01,,0
2025-26-Memphis,2025-26,Memphis,American,,108,108,61,129,81,26,10,0,4,2,5,5,1,4,1,11,11,6,4,5,7,2,6,0.005,,0
2025-26-Pacific,2025-26,Pacific,WCC,,109,109,146,175,133,147,8,0,4,0,3,3,3,10,0,13,10,6,6,7,4,3,9,0.005,,0
2025-26-Fla. Atlantic,2025-26,Fla. Atlantic,American,,106,106,91,147,123,127,10,0,4,1,3,8,2,3,1,12,10,6,5,6,5,3,5,0.005,,0
2025-26-DePaul,2025-26,DePaul,Big East,,107,107,78,139,69,328,5,0,6,2,3,4,1,6,1,12,11,4,8,8,3,1,6,0.005,,0
2025-26-Coastal Carolina,2025-26,Coastal Carolina,Sun Belt,,227,227,278,221,329,286,20,0,1,1,1,3,3,9,6,13,11,7,6,6,5,7,7,0,,0
2025-26-Washington St.,2025-26,Washington St.,WCC,,136,135,81,140,109,136,8,0,3,0,8,4,2,6,1,10,14,6,6,4,8,1,8,0,,0
2025-26-Nicholls,2025-26,Nicholls,Southland,,234,235,198,191,164,41,18,0,3,0,3,3,3,6,4,9,13,9,5,0,8,5,10,0,,0
2025-26-FGCU,2025-26,FGCU,ASUN,,232,232,237,205,206,116,24,0,3,0,0,0,7,8,4,8,14,4,7,4,7,3,8,0,,0
2025-26-Eastern Mich.,2025-26,Eastern Mich.,MAC,,209,209,176,185,163,154,17,0,3,1,4,1,3,6,4,8,14,3,8,5,6,3,10,0,,0
2025-26-North Dakota,2025-26,North Dakota,Summit League,,262,262,253,211,207,140,22,0,2,1,2,1,2,9,6,11,12,8,2,3,10,6,6,0,,0
2025-26-UTRGV,2025-26,UTRGV,Southland,,155,155,213,195,179,35,18,0,3,1,1,3,2,6,5,10,11,8,6,2,5,5,7,0,,0
2025-26-UAlbany,2025-26,UAlbany,America East,,325,325,280,222,317,233,29,0,0,0,5,1,4,4,7,5,16,4,5,1,11,2,10,0,,0
2025-26-Montana,2025-26,Montana,Big Sky,,172,172,161,180,180,81,16,0,2,1,1,3,3,6,4,10,10,7,4,3,6,5,6,0,,0
2025-26-Eastern Wash.,2025-26,Eastern Wash.,Big Sky,,249,249,123,167,153,98,16,0,3,0,2,2,10,3,2,5,17,4,6,1,11,2,13,0,,0
2025-26-Omaha,2025-26,Omaha,Summit League,,259,260,249,209,290,212,22,0,1,1,3,1,4,6,5,8,13,5,5,3,8,5,7,0,,0
2025-26-Sacred Heart,2025-26,Sacred Heart,MAAC,,294,293,328,241,340,267,25,0,1,0,2,2,4,7,8,9,15,6,8,3,7,5,10,0,,0
2025-26-Coppin St.,2025-26,Coppin St.,MEAC,,364,364,314,232,246,201,31,0,4,0,1,0,5,2,11,2,21,1,6,1,15,2,13,0,,0
2025-26-UAB,2025-26,UAB,American,,122,124,146,175,203,300,10,1,1,0,2,5,5,7,1,13,9,5,5,8,4,6,2,0,,0
2025-26-California Baptist,2025-26,California Baptist,WAC,,111,111,218,197,236,271,11,0,2,1,2,3,2,13,0,17,6,7,3,10,3,5,5,0,,0
2025-26-UC Irvine,2025-26,UC Irvine,Big West,,115,115,190,188,283,309,15,0,0,1,3,4,4,9,0,14,7,9,2,5,5,5,3,0,,0
2025-26-Northeastern,2025-26,Northeastern,CAA,,257,257,190,188,274,270,14,0,2,0,2,3,7,3,5,6,16,2,9,4,7,3,10,0,,0
2025-26-Tulane,2025-26,Tulane,American,,201,201,156,178,240,307,10,0,1,1,3,3,3,8,2,12,9,4,5,8,4,4,2,0,,0
2025-26-Rider,2025-26,Rider,MAAC,,357,357,241,206,140,14,25,0,4,0,0,0,6,2,9,2,19,2,11,0,8,0,13,0,,0
2025-26-Elon,2025-26,Elon,CAA,,185,185,207,193,267,236,14,0,2,1,0,4,4,6,5,11,11,5,6,6,5,5,6,0,,0
2025-26-Cal St. Fullerton,2025-26,Cal St. Fullerton,Big West,,194,193,121,165,158,91,15,0,3,1,3,2,5,6,2,9,13,6,6,3,7,3,9,0,,0
2025-26-NIU,2025-26,NIU,MAC,,303,303,194,189,177,146,17,0,3,0,3,0,4,5,4,5,14,3,7,2,7,1,11,0,,0
2025-26-San Jose St.,2025-26,San Jose St.,Mountain West,,267,267,57,126,77,156,6,0,6,0,6,0,4,5,0,5,16,1,10,4,6,0,8,0,,0
2025-26-Penn St.,2025-26,Penn St.,Big Ten,,133,133,63,130,42,359,3,0,7,1,4,0,2,9,0,10,13,1,11,9,2,1,6,0,,0
2025-26-CSU Bakersfield,2025-26,CSU Bakersfield,Big West,,313,313,139,173,208,208,15,0,1,0,6,2,5,4,4,6,16,2,10,4,6,2,9,0,,0
2025-26-Maryland,2025-26,Maryland,Big Ten,,182,182,32,113,5,79,3,0,10,1,2,2,2,5,0,8,14,1,10,7,4,1,6,0,,0
2025-26-Winthrop,2025-26,Winthrop,Big South,,118,118,241,206,157,70,21,0,4,0,0,4,1,10,3,14,8,9,1,5,7,6,7,0,,0
2025-26-Holy Cross,2025-26,Holy Cross,Patriot,,328,328,299,227,305,229,27,0,1,0,2,1,3,5,10,6,16,3,8,3,8,2,11,0,,0
2025-26-Rutgers,2025-26,Rutgers,Big Ten,,170,170,53,122,14,251,3,0,10,0,3,3,0,6,1,9,14,2,10,7,4,0,7,0,,0
2025-26-Lipscomb,2025-26,Lipscomb,ASUN,,169,169,272,217,169,54,24,0,3,0,1,4,3,9,2,13,9,8,3,5,6,4,9,0,,0
2025-26-Duquesne,2025-26,Duquesne,Atlantic 10,,129,130,123,167,118,211,7,1,4,1,1,2,4,7,1,11,10,5,5,6,5,4,4,0,,0
2025-26-Marshall,2025-26,Marshall,Sun Belt,,138,137,236,204,297,254,20,0,1,0,2,5,1,9,4,14,8,7,4,7,4,4,6,0,,0
2025-26-Queens (NC),2025-26,Queens (NC),ASUN,,213,214,280,222,138,28,24,0,5,0,1,1,2,11,3,12,11,8,3,4,8,4,9,0,,0
2025-26-IU Indy,2025-26,IU Indy,Horizon,,312,312,237,205,263,172,19,0,3,0,0,2,6,2,9,4,18,2,11,2,7,2,12,0,,0
2025-26-ULM,2025-26,ULM,Sun Belt,,355,355,272,217,262,151,20,0,1,0,4,0,3,2,12,2,20,1,11,1,9,1,11,0,,0
2025-26-Southern Ill.,2025-26,Southern Ill.,MVC,,132,123,78,139,122,210,9,1,1,2,5,2,7,4,1,9,14,4,9,5,5,3,8,0,,0
2025-26-Col. of Charleston,2025-26,Col. of Charleston,CAA,,156,156,182,186,252,234,14,0,2,1,2,5,3,9,1,15,8,9,2,6,6,4,4,0,,0
2025-26-Bradley,2025-26,Bradley,MVC,,126,120,138,172,227,330,9,0,1,1,4,6,3,8,1,15,9,9,5,6,4,3,5,0,,0
2025-26-Oakland,2025-26,Oakland,Horizon,,137,138,129,168,92,1,19,0,5,0,2,6,2,7,2,13,11,10,4,3,7,7,8,0,,0
2025-26-Central Conn. St.,2025-26,Central Conn. St.,NEC,,280,280,357,260,350,306,28,0,1,0,0,2,3,8,6,10,10,6,5,4,5,6,7,0,,0
2025-26-UC Riverside,2025-26,UC Riverside,Big West,,279,279,143,174,146,61,15,0,3,0,3,1,6,5,4,6,16,3,9,3,7,3,11,0,,0
2025-26-UMES,2025-26,UMES,MEAC,,342,342,308,230,119,57,31,0,5,0,1,0,1,6,9,6,16,4,3,2,13,2,15,0,,0
2025-26-North Dakota St.,2025-26,North Dakota St.,Summit League,,134,134,308,230,357,346,22,0,0,0,0,4,4,12,2,16,6,9,1,7,5,8,4,0,,0
2025-26-Fordham,2025-26,Fordham,Atlantic 10,,189,189,221,198,214,365,7,0,1,1,4,1,3,7,3,9,11,3,7,6,4,2,4,0,,0
2025-26-LMU (CA),2025-26,LMU (CA),WCC,,174,174,108,156,115,320,8,0,4,2,2,3,4,6,3,11,13,3,9,8,4,3,5,0,,0
2025-26-Chattanooga,2025-26,Chattanooga,SoCon,,281,282,287,224,285,218,23,0,2,0,0,2,4,5,8,7,14,4,7,3,7,4,8,0,,0
2025-26-New Orleans,2025-26,New Orleans,Southland,,216,216,166,181,111,8,18,1,4,0,2,3,3,6,4,10,13,8,6,2,7,6,10,0,,0
2025-26-Merrimack,2025-26,Merrimack,MAAC,,205,207,293,225,270,158,25,0,2,0,0,3,7,12,0,15,9,11,2,4,7,6,7,0,,0
2025-26-Manhattan,2025-26,Manhattan,MAAC,,334,335,314,232,304,194,25,0,2,0,1,1,5,7,8,8,16,5,9,3,7,1,11,0,,0
2025-26-Bellarmine,2025-26,Bellarmine,ASUN,,287,287,280,222,216,80,24,0,2,0,3,0,2,8,6,8,13,5,6,3,7,2,10,0,,0
2025-26-Stetson,2025-26,Stetson,ASUN,,332,332,245,207,237,164,24,0,2,0,3,0,6,6,5,6,16,4,7,2,9,2,11,0,,0
2025-26-Temple,2025-26,Temple,American,,151,151,196,190,255,281,10,0,1,2,1,3,6,8,0,13,8,6,3,7,5,4,2,0,,0
2025-26-UMass Lowell,2025-26,UMass Lowell,America East,,335,334,327,240,219,111,29,0,3,0,1,0,4,6,7,6,15,4,5,2,10,3,12,0,,0
2025-26-Lindenwood,2025-26,Lindenwood,OVC,,235,234,344,248,231,38,26,0,3,0,0,1,2,11,5,12,10,9,5,3,5,6,7,0,,0
2025-26-Mississippi Val.,2025-26,Mississippi Val.,SWAC,,365,365,265,215,184,94,30,0,2,0,6,0,1,0,12,0,21,0,8,0,13,0,13,0,,0
2025-26-Cornell,2025-26,Cornell,Ivy League,,178,178,213,195,172,175,12,0,3,0,2,1,2,7,3,8,10,3,4,5,6,5,7,0,,0
2025-26-A&M-Corpus Christi,2025-26,A&M-Corpus Christi,Southland,,202,202,182,186,131,2,18,0,3,0,3,2,2,6,3,8,11,8,6,0,5,5,7,0,,0
2025-26-Wagner,2025-26,Wagner,NEC,,318,320,355,258,312,145,28,0,2,0,1,0,2,5,8,5,13,3,7,2,6,2,9,0,,0
2025-26-Mercyhurst,2025-26,Mercyhurst,NEC,,284,284,352,255,276,142,28,0,3,0,2,0,2,10,5,10,12,7,4,3,8,3,10,0,,0
2025-26-UNLV,2025-26,UNLV,Mountain West,,149,149,74,137,93,213,6,1,2,3,4,2,3,3,3,9,12,5,6,4,6,4,4,0,,0
2025-26-Colgate,2025-26,Colgate,Patriot,,203,203,303,229,193,52,27,0,3,0,0,2,2,10,5,12,10,8,3,4,7,4,7,0,,0
2025-26-UTEP,2025-26,UTEP,CUSA,,275,275,143,174,201,129,13,0,2,0,3,2,4,3,6,5,15,4,8,1,7,1,8,0,,0
2025-26-Oregon St.,2025-26,Oregon St.,WCC,,199,199,101,152,204,331,8,1,1,0,3,8,6,4,2,13,12,6,6,7,6,3,5,0,,0
2025-26-Green Bay,2025-26,Green Bay,Horizon,,228,228,175,184,224,86,19,0,2,0,3,5,5,6,2,11,12,8,6,3,6,5,7,0,,0
2025-26-Texas St.,2025-26,Texas St.,Sun Belt,,260,259,326,238,361,360,20,0,0,0,2,1,7,11,2,12,11,7,6,5,5,2,8,0,,0
2025-26-CSUN,2025-26,CSUN,Big West,,193,194,160,179,269,303,15,0,0,1,5,4,3,7,2,12,10,7,5,5,5,4,7,0,,0
2025-26-Hampton,2025-26,Hampton,CAA,,255,255,285,223,314,326,14,0,1,0,1,0,6,9,5,9,13,5,6,4,7,2,9,0,,0
2025-26-North Texas,2025-26,North Texas,American,,179,179,156,178,134,226,10,0,3,1,4,2,3,7,1,10,11,3,7,7,4,2,6,0,,0
2025-26-UC Davis,2025-26,UC Davis,Big West,,171,171,170,182,256,231,15,1,1,1,2,4,4,6,2,12,9,7,5,5,4,4,6,0,,0
2025-26-N.C. Central,2025-26,N.C. Central,MEAC,,341,341,224,199,87,19,31,0,4,0,2,0,2,4,4,4,12,4,1,0,11,2,9,0,,0
2025-26-Air Force,2025-26,Air Force,Mountain West,,343,343,81,140,105,318,6,0,5,0,4,0,7,3,3,3,19,0,11,3,8,0,8,0,,0
2025-26-Morgan St.,2025-26,Morgan St.,MEAC,,356,356,350,252,330,283,31,0,1,0,3,0,1,6,8,6,13,5,2,1,11,4,8,0,,0
2025-26-Tennessee St.,2025-26,Tennessee St.,OVC,,229,229,344,248,309,92,26,0,2,0,0,3,1,9,5,12,8,9,4,3,4,7,6,0,,0
2025-26-Quinnipiac,2025-26,Quinnipiac,MAAC,,195,195,318,234,268,118,25,0,2,1,2,3,2,11,3,15,9,9,5,6,4,7,6,0,,0
2025-26-Little Rock,2025-26,Little Rock,OVC,,308,308,311,231,326,217,26,0,1,0,3,1,4,6,7,7,15,6,7,1,8,4,12,0,,0
2025-26-Long Beach St.,2025-26,Long Beach St.,Big West,,242,242,132,169,165,102,15,0,2,0,4,1,8,5,2,6,16,4,8,2,8,1,11,0,,0
2025-26-Samford,2025-26,Samford,SoCon,,250,250,293,225,280,192,23,0,2,0,1,1,5,9,4,10,12,5,6,5,6,4,8,0,,0
2025-26-Houston Christian,2025-26,Houston Christian,Southland,,302,302,259,213,250,187,18,0,1,0,3,1,6,5,5,6,15,4,10,2,5,2,10,0,,0
2025-26-Eastern Ill.,2025-26,Eastern Ill.,OVC,,315,315,241,206,150,11,26,0,3,0,1,0,5,6,6,6,15,5,8,1,7,1,11,0,,0
2025-26-New Hampshire,2025-26,New Hampshire,America East,,321,321,287,224,128,36,29,0,4,0,1,0,2,6,6,6,13,4,4,2,9,1,11,0,,0
2025-26-Siena,2025-26,Siena,MAAC,,175,176,361,270,360,332,25,0,1,0,0,1,3,16,3,17,7,10,3,7,4,8,4,0,,0
2025-26-Oregon,2025-26,Oregon,Big Ten,,116,116,8,97,17,109,3,0,9,0,4,2,1,6,0,8,14,1,10,7,4,1,4,0,,0
2025-26-Texas Southern,2025-26,Texas Southern,SWAC,,333,333,269,216,106,5,30,0,5,0,0,0,1,4,8,4,14,4,5,0,9,1,10,0,,0
2025-26-N.C. A&T,2025-26,N.C. A&T,CAA,,266,266,265,215,328,344,14,0,0,0,3,1,6,6,4,7,13,2,9,5,4,3,9,0,,0
2025-26-Northwestern St.,2025-26,Northwestern St.,Southland,,304,304,176,185,160,51,18,0,4,0,2,1,4,3,7,4,17,4,10,0,7,1,12,0,,0
2025-26-Prairie View,2025-26,Prairie View,SWAC,,323,323,311,231,188,47,30,0,4,0,1,0,2,5,6,5,13,4,5,1,8,1,10,0,,0
2025-26-Indiana St.,2025-26,Indiana St.,MVC,,212,212,176,185,171,278,9,0,1,1,4,1,5,6,4,8,14,3,10,5,4,3,9,0,,0
2025-26-San Diego,2025-26,San Diego,WCC,,220,220,103,153,103,294,8,0,4,1,5,2,1,5,5,8,15,4,8,4,7,2,8,0,,0
2025-26-La Salle,2025-26,La Salle,Atlantic 10,,244,243,89,145,108,126,7,0,2,1,4,2,8,3,2,6,16,3,7,3,9,1,9,0,,0
2025-26-Southeast Mo. St.,2025-26,Southeast Mo. St.,OVC,,230,230,324,237,253,55,26,0,3,0,0,1,1,10,6,11,10,9,4,2,6,5,6,0,,0
2025-26-Purdue Fort Wayne,2025-26,Purdue Fort Wayne,Horizon,,237,237,194,189,178,33,19,0,3,1,1,2,2,8,4,11,10,8,5,3,5,4,7,0,,0
2025-26-Detroit Mercy,2025-26,Detroit Mercy,Horizon,,254,254,232,202,251,73,19,0,1,0,2,1,6,7,3,8,12,7,6,1,6,5,7,0,,0
2025-26-New Mexico St.,2025-26,New Mexico St.,CUSA,,183,183,166,181,257,237,13,0,2,1,0,2,5,5,4,8,11,4,8,4,3,2,5,0,,0
2025-26-Saint Francis,2025-26,Saint Francis,NEC,,352,352,269,216,194,78,28,0,2,0,3,0,3,4,8,4,16,4,5,0,11,1,9,0,,0
2025-26-Delaware,2025-26,Delaware,CUSA,,295,294,230,201,242,279,13,0,2,1,2,2,1,3,10,6,15,2,9,4,6,2,7,0,,0
2025-26-Richmond,2025-26,Richmond,Atlantic 10,,147,148,152,176,174,345,7,1,2,0,1,5,6,6,1,12,10,3,7,9,3,3,4,0,,0
2025-26-Missouri St.,2025-26,Missouri St.,CUSA,,197,197,190,188,281,255,13,0,1,0,1,2,5,8,2,10,9,7,4,3,5,3,6,0,,0
2025-26-App State,2025-26,App State,Sun Belt,,180,180,280,222,324,269,20,0,1,2,0,3,4,9,4,14,9,9,4,5,5,6,6,0,,0
2025-26-Fairfield,2025-26,Fairfield,MAAC,,241,241,358,261,355,342,25,0,1,0,1,1,4,13,4,14,10,7,7,7,3,6,7,0,,0
2025-26-Old Dominion,2025-26,Old Dominion,Sun Belt,,271,271,198,191,189,75,20,0,3,0,3,3,5,3,6,6,17,4,8,2,9,3,12,0,,0
2025-26-Drake,2025-26,Drake,MVC,,173,173,113,161,175,333,9,0,1,1,5,4,5,5,2,10,13,6,8,4,5,4,5,0,,0
2025-26-Western Caro.,2025-26,Western Caro.,SoCon,,277,277,204,192,125,22,23,0,3,1,2,2,2,3,7,6,14,4,7,2,7,2,11,0,,0
2025-26-Ohio,2025-26,Ohio,MAC,,207,205,139,173,176,104,17,0,2,0,3,5,3,6,3,11,11,7,5,4,6,3,5,0,,0
2025-26-Rice,2025-26,Rice,American,,240,240,152,176,182,275,10,0,2,1,2,0,7,7,2,8,13,4,6,4,7,3,6,0,,0
2025-26-South Alabama,2025-26,South Alabama,Sun Belt,,200,200,328,241,351,350,20,0,0,0,3,4,1,10,3,14,7,7,4,7,3,6,5,0,,0
2025-26-UC San Diego,2025-26,UC San Diego,Big West,,124,126,186,187,319,302,15,0,1,0,0,7,3,7,4,14,8,6,6,8,2,6,3,0,,0
2025-26-Bucknell,2025-26,Bucknell,Patriot,,330,330,293,225,232,139,27,0,3,0,1,0,6,8,6,8,16,5,6,3,10,3,9,0,,0
2025-26-UNC Asheville,2025-26,UNC Asheville,Big South,,225,226,213,195,244,204,21,0,1,0,4,0,4,8,4,8,13,5,5,3,8,2,8,0,,0
2025-26-Georgia Tech,2025-26,Georgia Tech,ACC,,143,143,105,154,80,339,4,1,6,0,2,2,4,8,0,11,12,2,8,9,4,1,5,0,,0
2025-26-Le Moyne,2025-26,Le Moyne,NEC,,278,278,350,252,335,268,28,0,1,0,2,0,4,10,6,10,13,6,5,4,8,5,9,0,,0
2025-26-Charleston So.,2025-26,Charleston So.,Big South,,239,239,299,227,289,324,21,0,1,0,3,1,3,7,6,8,13,2,7,6,6,4,9,0,,0
2025-26-Central Mich.,2025-26,Central Mich.,MAC,,301,301,166,181,152,143,17,0,4,0,2,2,3,3,7,5,16,3,8,2,8,0,11,0,,0
2025-26-Southeastern La.,2025-26,Southeastern La.,Southland,,289,289,161,180,166,125,18,0,2,0,5,1,5,4,5,5,17,3,11,2,6,1,12,0,,0
2025-26-Norfolk St.,2025-26,Norfolk St.,MEAC,,316,316,336,244,261,196,31,0,2,0,1,0,4,6,7,6,14,3,4,3,10,3,9,0,,0
2025-26-Oral Roberts,2025-26,Oral Roberts,Summit League,,336,336,123,167,196,149,22,0,2,0,4,2,7,0,6,2,19,0,9,2,10,0,11,0,,0
2025-26-West Ga.,2025-26,West Ga.,ASUN,,320,319,303,229,220,76,24,0,3,1,0,0,3,7,7,8,13,4,7,4,6,3,8,0,,0
2025-26-Furman,2025-26,Furman,SoCon,,184,184,263,214,337,301,23,0,0,0,4,3,1,10,3,13,8,7,4,6,4,5,3,0,,0
2025-26-UIW,2025-26,UIW,Southland,,265,265,209,194,185,45,18,0,2,1,3,1,5,5,3,7,13,5,9,2,4,1,9,0,,0
2025-26-Buffalo,2025-26,Buffalo,MAC,,166,166,253,211,306,363,17,0,1,2,2,0,3,10,3,12,9,4,7,8,2,6,3,0,,0
2025-26-UT Arlington,2025-26,UT Arlington,WAC,,139,139,182,186,235,224,11,0,1,0,2,5,3,7,2,12,8,6,4,6,4,6,5,0,,0
2025-26-Youngstown St.,2025-26,Youngstown St.,Horizon,,208,208,277,219,333,299,19,1,0,0,2,2,5,6,5,9,12,5,8,4,4,3,7,0,,0
2025-26-East Carolina,2025-26,East Carolina,American,,276,276,123,167,136,180,10,0,3,1,2,1,5,4,5,6,15,2,7,4,8,2,6,0,,0
2025-26-Portland,2025-26,Portland,WCC,,210,210,69,134,102,290,8,1,2,0,7,3,4,5,1,9,14,4,8,5,6,1,9,0,,0
2025-26-East Texas A&M,2025-26,East Texas A&M,Southland,,285,285,204,192,151,31,18,0,4,0,1,1,5,6,5,7,15,4,10,3,5,4,10,0,,0
2025-26-South Dakota,2025-26,South Dakota,Summit League,,274,274,269,216,279,263,22,0,1,0,5,0,4,10,2,10,12,5,5,5,7,2,8,0,,0
2025-26-Presbyterian,2025-26,Presbyterian,Big South,,264,264,265,215,271,256,21,0,2,0,2,1,2,7,7,8,13,4,5,4,8,2,10,0,,0
2025-26-Loyola Maryland,2025-26,Loyola Maryland,Patriot,,331,331,353,256,336,272,27,0,2,0,1,0,2,7,10,7,15,5,6,2,9,1,10,0,,0
2025-26-Massachusetts,2025-26,Massachusetts,MAC,,187,187,252,210,344,358,17,0,1,0,0,4,6,10,2,14,9,6,6,8,3,2,4,0,,0
2025-26-Stonehill,2025-26,Stonehill,NEC,,337,337,356,259,313,197,28,0,2,0,2,0,1,7,10,7,15,6,5,1,10,3,11,0,,0
2025-26-Kent St.,2025-26,Kent St.,MAC,,135,136,146,175,212,261,17,0,2,0,1,8,2,7,1,15,6,8,3,7,3,4,4,0,,0
2025-26-Alabama St.,2025-26,Alabama St.,SWAC,,322,322,280,222,198,82,30,0,3,1,4,0,1,5,7,6,15,4,5,2,10,3,11,0,,0
2025-26-Northern Colo.,2025-26,Northern Colo.,Big Sky,,159,160,224,199,258,232,16,1,1,0,1,3,4,7,4,11,10,4,7,7,3,6,6,0,,0
2025-26-William & Mary,2025-26,William & Mary,CAA,,113,113,170,182,222,195,14,0,1,3,1,2,5,8,1,13,8,6,5,7,3,4,7,0,,0
2025-26-UIC,2025-26,UIC,MVC,,141,141,115,162,149,305,9,0,2,4,3,1,6,6,1,11,12,8,6,3,6,5,7,0,,0
2025-26-Abilene Christian,2025-26,Abilene Christian,WAC,,247,247,170,182,135,93,11,0,2,0,2,2,3,5,5,7,12,2,7,5,5,3,7,0,,0
2025-26-Western Ky.,2025-26,Western Ky.,CUSA,,177,177,129,168,181,132,13,0,1,1,4,2,5,7,1,10,11,5,7,5,4,3,5,0,,0
2025-26-Kennesaw St.,2025-26,Kennesaw St.,CUSA,,153,153,235,203,254,291,13,0,2,0,2,2,1,9,3,11,8,6,5,5,3,3,5,0,,0
2025-26-Delaware St.,2025-26,Delaware St.,MEAC,,360,360,344,248,303,246,31,0,2,0,0,0,3,3,9,3,14,1,5,2,9,1,10,0,,0
2025-26-Niagara,2025-26,Niagara,MAAC,,346,346,339,245,301,171,25,0,2,0,1,0,4,5,10,5,17,3,10,2,7,2,11,0,,0
2025-26-Hofstra,2025-26,Hofstra,CAA,,110,110,186,187,241,203,14,1,1,1,1,4,5,7,2,13,9,6,5,7,4,7,7,0,,0
2025-26-Florida A&M,2025-26,Florida A&M,SWAC,,327,327,299,227,187,50,30,0,4,0,0,0,4,6,4,6,12,5,4,1,8,2,10,0,,0
2025-26-Montana St.,2025-26,Montana St.,Big Sky,,140,140,161,180,186,100,16,0,3,0,2,3,2,8,3,11,10,8,3,3,7,4,9,0,,0
2025-26-Arkansas St.,2025-26,Arkansas St.,Sun Belt,,168,168,198,191,221,119,20,0,2,0,2,7,3,5,3,12,10,6,6,6,4,7,7,0,,0
2025-26-Stony Brook,2025-26,Stony Brook,CAA,,218,218,221,198,308,319,14,0,1,0,2,6,4,6,3,12,10,6,5,6,5,4,6,0,,0
2025-26-Idaho St.,2025-26,Idaho St.,Big Sky,,206,206,161,180,195,131,16,0,2,0,3,2,6,5,3,7,14,3,8,4,6,3,9,0,,0
2025-26-UNC Greensboro,2025-26,UNC Greensboro,SoCon,,310,310,253,211,275,216,23,0,1,0,3,0,5,7,6,7,15,5,6,2,9,2,7,0,,0
2025-26-Utah,2025-26,Utah,Big 12,,127,128,42,115,57,215,2,0,7,2,5,2,0,5,1,9,13,1,8,8,5,0,6,0,,0
2025-26-Lafayette,2025-26,Lafayette,Patriot,,317,317,311,231,315,244,27,0,2,0,0,0,5,6,10,6,17,4,7,2,10,2,11,0,,0
2025-26-Drexel,2025-26,Drexel,CAA,,221,221,272,217,347,357,14,0,0,0,2,2,6,9,4,11,12,6,5,5,7,2,7,0,,0
2025-26-UTSA,2025-26,UTSA,American,,349,349,115,162,143,161,10,0,4,0,2,0,6,2,6,2,18,0,10,2,8,1,9,0,,0
2025-26-North Ala.,2025-26,North Ala.,ASUN,,338,338,303,229,288,186,24,0,1,1,1,1,5,3,7,5,14,2,8,3,6,4,9,0,,0
2025-26-Brown,2025-26,Brown,Ivy League,,291,295,247,208,311,354,12,0,1,0,3,1,3,4,7,5,14,1,7,4,7,2,7,0,,0
2025-26-Idaho,2025-26,Idaho,Big Sky,,164,164,198,191,298,297,16,0,0,0,2,5,6,5,2,10,10,5,5,5,5,5,7,0,,0
2025-26-Ga. Southern,2025-26,Ga. Southern,Sun Belt,,263,263,344,248,365,356,20,0,0,0,1,2,3,10,7,12,11,6,6,6,5,6,5,0,,0
2025-26-Saint Joseph's,2025-26,Saint Joseph's,Atlantic 10,,152,152,139,173,148,295,7,0,4,0,0,6,3,7,1,13,8,7,3,6,5,3,6,0,,0
2025-26-Monmouth,2025-26,Monmouth,CAA,,204,204,241,206,307,314,14,0,2,0,1,4,2,7,7,11,12,6,5,5,7,4,7,0,,0
2025-26-Southern U.,2025-26,Southern U.,SWAC,,292,291,265,215,104,9,30,0,5,0,2,1,0,5,6,6,13,5,4,1,9,4,11,0,,0
2025-26-Louisiana Tech,2025-26,Louisiana Tech,CUSA,,258,258,258,212,320,338,13,0,1,0,2,2,5,7,2,9,10,5,6,4,4,1,8,0,,0
2025-26-Wright St.,2025-26,Wright St.,Horizon,AQ,125,127,209,194,278,178,19,0,2,0,1,3,4,10,2,13,9,10,3,3,6,6,5,0,,56
2025-26-Seattle U,2025-26,Seattle U,WCC,,131,132,123,167,121,334,8,0,3,2,1,2,4,9,1,13,9,4,7,9,2,3,5,0,,0
2025-26-Lamar University,2025-26,Lamar University,Southland,,198,198,247,208,239,162,18,0,3,0,1,2,4,8,3,10,11,7,7,3,4,5,5,0,,0
2025-26-Longwood,2025-26,Longwood,Big South,,272,272,336,244,338,348,21,0,1,0,2,1,4,9,5,10,12,5,5,5,7,3,8,0,,0
2025-26-Mercer,2025-26,Mercer,SoCon,,145,145,249,209,170,60,23,0,3,0,2,1,3,11,1,12,9,7,4,5,5,4,9,0,,0
2025-26-Rhode Island,2025-26,Rhode Island,Atlantic 10,,120,122,155,177,159,280,7,1,2,3,4,2,1,7,2,13,9,4,5,9,4,4,3,0,,0
2025-26-Denver,2025-26,Denver,Summit League,,256,256,190,188,137,66,22,0,3,2,3,2,3,4,5,8,14,4,6,4,8,5,9,0,,0
2025-26-Eastern Ky.,2025-26,Eastern Ky.,ASUN,,269,269,218,197,225,128,24,0,1,0,4,1,6,5,5,6,16,4,7,2,9,2,11,0,,0
2025-26-Portland St.,2025-26,Portland St.,Big Sky,AQ,119,119,218,197,284,225,16,0,1,0,2,6,1,6,2,12,6,9,1,3,5,6,4,0,,57
2025-26-Cal Poly,2025-26,Cal Poly,Big West,,253,253,146,175,211,124,15,0,2,2,2,2,4,3,7,7,15,5,7,2,8,5,8,0,,0
2025-26-Charlotte,2025-26,Charlotte,American,,154,154,139,173,200,214,10,0,2,0,3,4,5,8,0,12,10,7,3,5,7,4,4,0,,0
2025-26-Fresno St.,2025-26,Fresno St.,Mountain West,,142,142,101,152,117,273,6,0,4,0,2,5,3,5,2,10,11,5,6,5,5,2,5,0,,0
2025-26-St. Bonaventure,2025-26,St. Bonaventure,Atlantic 10,,146,146,132,169,155,308,7,0,3,2,2,2,2,8,3,12,10,2,8,10,2,3,4,0,,0
2025-26-Western Mich.,2025-26,Western Mich.,MAC,,282,281,204,192,161,191,17,0,4,0,0,0,5,7,4,7,13,2,8,5,5,1,10,0,,0
2025-26-South Carolina St.,2025-26,South Carolina St.,MEAC,,359,359,298,226,192,135,31,0,3,0,2,0,4,4,7,4,16,4,2,0,14,1,13,0,,0
2025-26-Southern Miss.,2025-26,Southern Miss.,Sun Belt,,238,238,263,214,264,157,20,0,2,0,3,1,3,9,5,10,13,6,7,4,6,3,10,0,,0
2025-26-Louisiana,2025-26,Louisiana,Sun Belt,,314,314,278,221,294,230,20,0,2,0,1,2,6,6,7,8,16,6,6,2,10,3,10,0,,0
2025-26-St. Thomas (MN),2025-26,St. Thomas (MN),Summit League,AQ,112,112,285,223,325,298,22,0,1,0,1,5,3,11,1,16,6,8,2,8,4,7,4,0,,58
2025-26-Tennessee Tech,2025-26,Tennessee Tech,OVC,,311,311,335,243,295,108,26,0,2,0,0,1,4,6,8,7,14,5,8,2,6,4,9,0,,0
2025-26-Georgia St.,2025-26,Georgia St.,Sun Belt,,270,270,213,195,296,260,20,0,1,0,1,3,8,4,5,7,15,6,6,1,9,3,10,0,,0
2025-26-Evansville,2025-26,Evansville,MVC,,297,298,75,138,124,115,9,0,1,0,6,2,10,1,2,3,19,1,12,2,7,1,9,0,,0
2025-26-Morehead St.,2025-26,Morehead St.,OVC,,283,283,293,225,226,42,26,0,3,0,2,0,3,9,4,9,12,8,5,1,7,3,10,0,,0
2025-26-Pittsburgh,2025-26,Pittsburgh,ACC,,114,114,37,114,46,120,4,0,8,2,3,2,2,5,1,9,14,2,8,7,6,1,6,0,,0
2025-26-Robert Morris,2025-26,Robert Morris,Horizon,,192,192,272,217,327,258,19,0,1,0,0,5,4,8,5,13,10,7,7,6,3,5,7,0,,0
2025-26-Troy,2025-26,Troy,Sun Belt,AQ,130,131,232,202,272,163,20,1,1,2,0,2,4,9,3,14,8,9,3,5,5,8,4,0,,59
2025-26-Canisius,2025-26,Canisius,MAAC,,345,345,318,234,339,284,25,0,0,0,4,0,6,7,7,7,17,3,11,4,6,2,12,0,,0
2025-26-Columbia,2025-26,Columbia,Ivy League,,158,158,276,218,229,266,12,0,3,0,0,3,1,9,3,12,7,3,4,9,3,6,5,0,,0
2025-26-James Madison,2025-26,James Madison,Sun Belt,,233,233,249,209,234,185,20,0,3,1,0,2,5,7,5,10,13,4,8,6,5,3,10,0,,0
2025-26-Princeton,2025-26,Princeton,Ivy League,,226,225,176,185,213,243,12,0,2,1,0,1,9,5,3,7,14,4,3,3,11,1,9,0,,0
2025-26-SIUE,2025-26,SIUE,OVC,,251,251,362,272,359,327,26,0,1,0,0,3,1,9,7,12,9,8,5,4,4,7,5,0,,0
2025-26-Western Ill.,2025-26,Western Ill.,OVC,,361,361,324,237,332,221,26,0,1,0,1,0,4,1,14,1,20,0,13,1,7,1,13,0,,0
2025-26-Milwaukee,2025-26,Milwaukee,Horizon,,246,246,176,185,154,32,19,0,4,0,2,2,6,6,4,8,16,5,9,3,7,2,10,0,,0
2025-26-Southern Ind.,2025-26,Southern Ind.,OVC,,344,344,333,242,354,323,26,0,1,0,0,1,5,2,12,3,18,2,11,1,7,2,8,0,,0
2025-26-Pepperdine,2025-26,Pepperdine,WCC,,273,273,100,151,95,316,8,0,5,0,2,0,7,4,4,4,18,1,10,3,8,1,9,0,,0
2025-26-Marist,2025-26,Marist,MAAC,AQ,144,144,353,256,364,349,25,0,0,0,1,1,4,14,2,15,7,10,4,5,3,6,5,0,,60
2025-26-Jacksonville St.,2025-26,Jacksonville St.,CUSA,,211,211,209,194,318,353,13,0,1,1,0,3,5,5,4,9,10,7,4,2,6,4,5,0,,0
2025-26-Radford,2025-26,Radford,Big South,,243,244,259,213,228,182,21,0,2,0,3,1,4,9,3,10,12,6,4,4,8,4,5,0,,0
2025-26-Boston College,2025-26,Boston College,ACC,,150,150,98,149,82,343,4,0,5,1,4,2,2,6,2,9,13,2,7,7,6,1,6,0,,0
2025-26-Penn,2025-26,Penn,Ivy League,,176,175,174,183,215,242,12,0,2,0,2,4,5,5,1,9,10,3,4,6,6,3,7,0,,0
2025-26-Middle Tenn.,2025-26,Middle Tenn.,CUSA,,157,159,91,147,114,15,13,0,2,1,4,4,1,3,4,8,11,5,6,3,5,2,5,0,,0
2025-26-Valparaiso,2025-26,Valparaiso,MVC,,160,157,118,163,141,253,9,0,2,0,7,5,2,6,1,11,12,6,7,5,5,2,8,0,,0
2025-26-ETSU,2025-26,ETSU,SoCon,AQ,117,117,328,241,341,292,23,0,1,0,1,2,1,13,4,15,7,9,2,6,5,5,5,0,,61
2025-26-New Haven,2025-26,New Haven,NEC,,324,324,321,235,202,68,28,0,3,0,0,0,5,7,5,7,13,5,5,2,8,4,10,0,,0
2025-26-Austin Peay,2025-26,Austin Peay,ASUN,AQ,148,147,302,228,300,176,24,0,1,0,3,2,2,12,0,14,6,10,1,4,5,6,6,0,,62
2025-26-Iona,2025-26,Iona,MAAC,,224,224,316,233,331,264,25,0,1,0,1,3,3,11,5,14,10,6,7,8,3,4,6,0,,0
2025-26-Alcorn,2025-26,Alcorn,SWAC,,354,354,237,205,129,37,30,0,4,0,3,0,3,4,7,4,17,3,6,1,11,1,15,0,,0
2025-26-FDU,2025-26,FDU,NEC,,329,329,328,241,223,67,28,0,3,0,1,0,3,5,9,5,16,5,6,0,10,2,12,0,,0
2025-26-Grambling,2025-26,Grambling,SWAC,,268,268,339,245,259,165,30,0,2,0,1,0,4,8,4,8,11,4,4,4,7,3,9,0,,0
2025-26-Loyola Chicago,2025-26,Loyola Chicago,Atlantic 10,,309,309,112,160,168,312,7,1,1,1,6,0,8,4,4,6,19,2,10,4,9,1,6,0,,0
2025-26-The Citadel,2025-26,The Citadel,SoCon,,347,348,287,224,334,321,23,0,0,0,3,0,5,5,8,5,16,5,6,0,10,1,10,0,,0
2025-26-Sacramento St.,2025-26,Sacramento St.,Big Sky,,245,245,113,161,144,59,16,0,3,0,3,2,6,4,1,6,13,5,5,1,8,0,12,0,,0
2025-26-Towson,2025-26,Towson,CAA,,167,167,146,175,142,65,14,0,3,1,1,3,4,7,3,11,11,5,6,6,5,2,7,0,,0
2025-26-Saint Peter's,2025-26,Saint Peter's,MAAC,,231,231,341,247,323,153,25,0,2,0,1,2,1,10,4,12,8,10,3,2,5,3,7,0,,0
2025-26-Utah Tech,2025-26,Utah Tech,WAC,,181,181,161,180,126,72,11,0,3,0,5,3,2,8,1,11,11,7,4,4,7,5,8,0,,0
2025-26-Navy,2025-26,Navy,Patriot,AQ,161,162,363,274,346,274,27,0,1,0,3,0,0,16,2,16,6,10,1,6,5,6,4,0,,63
2025-26-Ark.-Pine Bluff,2025-26,Ark.-Pine Bluff,SWAC,,299,299,198,191,97,10,30,0,5,0,2,1,3,6,3,7,13,6,3,1,10,5,11,0,,0
2025-26-UMBC,2025-26,UMBC,America East,,261,261,363,274,345,287,29,0,1,0,3,0,1,12,3,12,8,7,2,5,6,5,6,0,,0
2025-26-FIU,2025-26,FIU,CUSA,,186,186,146,175,156,69,13,0,3,0,1,2,4,6,3,8,11,4,7,4,4,2,7,0,,0
2025-26-Toledo,2025-26,Toledo,MAC,,163,163,132,169,167,159,17,0,2,1,3,2,5,7,1,10,11,6,5,4,6,3,6,0,,0
2025-26-Ball St.,2025-26,Ball St.,MAC,,319,318,245,207,249,335,17,0,2,0,2,0,5,5,6,5,15,3,7,2,8,1,10,0,,0
2025-26-Chicago St.,2025-26,Chicago St.,NEC,,351,351,224,199,116,18,28,0,5,0,3,0,3,2,9,2,20,1,9,1,11,1,15,0,,0
2025-26-UT Martin,2025-26,UT Martin,OVC,AQ,162,161,359,263,362,315,26,0,0,1,2,1,2,14,1,16,5,11,2,5,3,7,4,0,,64
2025-26-LIU,2025-26,LIU,NEC,AQ,188,188,322,236,247,141,28,0,2,0,2,1,3,14,1,15,8,9,1,6,7,8,7,0,,65
2025-26-Bethune-Cookman,2025-26,Bethune-Cookman,SWAC,AQ,236,236,237,205,85,3,30,0,7,0,1,1,0,9,3,10,11,8,1,2,10,5,8,0,,66
2025-26-NJIT,2025-26,NJIT,America East,,305,305,333,242,265,184,29,0,2,0,2,2,4,9,4,11,12,7,2,4,10,6,9,0,,0
2025-26-VMI,2025-26,VMI,SoCon,,358,358,287,224,291,250,23,0,2,0,1,0,6,3,9,3,18,1,10,2,8,1,10,0,,0
2025-26-Binghamton,2025-26,Binghamton,America East,,362,362,365,275,356,341,29,0,1,0,2,0,1,2,15,2,19,1,8,1,11,0,12,0,,0
2025-26-South Dakota St.,2025-26,South Dakota St.,Summit League,,191,191,213,195,218,183,22,0,1,0,6,0,2,8,4,8,13,4,5,4,8,2,7,0,,0
2025-26-Harvard,2025-26,Harvard,Ivy League,,165,165,253,211,248,293,12,1,1,0,1,3,3,7,4,11,9,5,2,6,7,6,5,0,,0
2025-26-UC Santa Barbara,2025-26,UC Santa Barbara,Big West,,128,129,228,200,321,310,15,0,1,1,1,2,4,10,2,13,8,8,4,5,4,4,5,0,,0
2025-26-Weber St.,2025-26,Weber St.,Big Sky,,214,213,198,191,245,199,16,0,1,0,4,1,5,8,3,9,13,5,6,4,7,3,8,0,,0
2025-26-Boston U.,2025-26,Boston U.,Patriot,,293,292,348,249,353,340,27,0,0,0,2,1,5,7,8,8,15,4,7,4,8,3,10,0,,0
2025-26-Central Ark.,2025-26,Central Ark.,ASUN,,190,190,287,224,145,34,24,0,4,0,1,1,1,10,4,11,10,8,2,3,8,2,9,0,,0
2025-26-Jackson St.,2025-26,Jackson St.,SWAC,,350,350,224,199,86,7,30,0,6,0,1,0,3,6,6,6,16,5,4,1,12,3,11,0,,0
2025-26-Lehigh,2025-26,Lehigh,Patriot,,300,300,322,236,302,190,27,0,2,0,0,1,5,7,7,8,14,6,5,2,9,2,9,0,,0
2025-26-USC Upstate,2025-26,USC Upstate,Big South,,286,286,259,213,191,152,21,0,2,0,3,2,3,5,6,7,14,2,7,5,7,3,10,0,,0
2025-26-Cleveland St.,2025-26,Cleveland St.,Horizon,,288,288,207,193,277,189,19,0,1,1,3,2,5,4,5,7,14,6,7,1,7,3,9,0,,0
2025-26-North Florida,2025-26,North Florida,ASUN,,339,339,221,198,120,21,24,0,4,0,1,0,6,4,7,4,18,4,7,0,11,2,10,0,,0
2025-26-Bowling Green,2025-26,Bowling Green,MAC,,123,125,232,202,282,329,17,0,0,1,4,2,3,8,2,11,9,5,6,6,3,4,4,0,,0
2025-26-Bryant,2025-26,Bryant,America East,,348,347,303,229,243,138,29,0,2,0,1,0,6,5,7,5,16,3,6,2,10,1,12,0,,0
2025-26-American,2025-26,American,Patriot,,252,252,308,230,260,133,27,0,3,0,1,0,2,11,5,11,11,6,5,5,6,3,7,0,,0
2025-26-Tarleton St.,2025-26,Tarleton St.,WAC,,217,217,121,165,132,88,11,0,3,0,2,3,4,4,3,7,12,2,8,5,4,3,8,0,,0
2025-26-Northern Ky.,2025-26,Northern Ky.,Horizon,,196,196,259,213,316,259,19,0,1,0,2,1,5,10,3,11,11,6,8,5,3,4,7,0,,0
2025-26-Alabama A&M,2025-26,Alabama A&M,SWAC,,307,307,349,251,287,169,30,0,2,0,1,0,2,9,5,9,10,5,4,4,6,2,6,0,,0
2025-26-Campbell,2025-26,Campbell,CAA,,219,219,119,164,113,48,14,0,5,1,3,2,3,6,2,9,13,5,6,4,7,2,11,0,,0
2025-26-Dartmouth,2025-26,Dartmouth,Ivy League,,222,222,228,200,209,252,12,0,2,0,2,3,2,5,4,8,10,4,3,4,7,5,6,0,,0
2025-26-Gardner-Webb,2025-26,Gardner-Webb,Big South,,363,363,166,181,139,90,21,0,3,0,4,0,5,1,8,1,20,1,8,0,12,0,12,0,,0
2025-26-Jacksonville,2025-26,Jacksonville,ASUN,,296,296,230,201,190,87,24,0,3,0,2,0,6,7,4,7,15,4,7,3,8,2,11,0,,0
2025-26-Northern Ariz.,2025-26,Northern Ariz.,Big Sky,,298,297,176,185,233,193,16,0,2,0,2,2,4,4,7,6,15,3,8,3,7,1,9,0,,0
2025-26-Southern Utah,2025-26,Southern Utah,WAC,,290,290,123,167,130,107,11,0,3,0,2,1,8,4,2,5,15,4,6,1,9,1,13,0,,0
2025-26-Vermont,2025-26,Vermont,America East,AQ,223,223,341,247,358,336,29,0,0,0,2,0,4,12,4,12,10,6,3,6,7,6,5,0,,67
2025-26-Kansas City,2025-26,Kansas City,Summit League,,353,353,196,190,199,117,22,0,3,0,3,0,4,1,10,1,20,1,9,0,11,1,12,0,,0
2025-26-Maine,2025-26,Maine,America East,,340,340,341,247,348,322,29,0,1,0,1,0,7,5,9,5,18,4,5,1,13,2,11,0,,0
2025-26-Wofford,2025-26,Wofford,SoCon,,215,215,303,229,299,241,23,0,2,0,1,2,3,12,2,14,8,8,3,6,5,8,5,0,,0
2025-26-Army West Point,2025-26,Army West Point,Patriot,,326,326,328,241,322,245,27,0,1,0,1,0,5,8,7,8,14,4,7,4,7,4,7,0,,0
2025-26-Howard,2025-26,Howard,MEAC,AQ,248,248,360,265,293,228,31,0,1,1,2,1,0,8,6,10,9,4,3,6,6,4,6,0,,68
2025-26-Marquette,2025-26,Marquette,Big East,,121,121,32,113,47,101,5,0,7,0,5,4,2,4,1,8,15,3,9,5,6,0,8,0,,0
2025-26-Mount St. Mary's,2025-26,Mount St. Mary's,MAAC,,306,306,318,234,310,205,25,0,2,0,1,0,6,9,6,9,15,6,8,3,7,4,10,0,,0
